x,y,z,q0,q1,q2,q3,u,v,w,q,p,r,V_bs,l_cg,ds,dr,rpm_1,rpm_2
1.47356487573143,-0.0444439942992493,0.505341567171382,1,0,0,0,-0.0128021826845769,-0.00459988558363182,0.00245332276920809,0.0115827336408853,-0.00163399072790571,-0.00517670749606935,0,51,0,0,0,0
1.47228465746297,-0.0449039828576125,0.505586899448303,1.000000000005,0.000579136682043975,-8.16995363952445E-05,-0.000258835374803338,-0.0127514618338499,-0.004600244423755,-0.00300718715348573,0.0124171297513787,-0.00216630619773177,-0.00363087841407087,0,49.5,0,0,400,400
1.4710093225972,-0.0453629984018698,0.505285440110066,0.99999958461002,0.00119997983885172,-0.000190070384994343,-0.000440391264055547,0.00482577477453863,-0.00461242226187729,-0.00840052698878033,0.00742627820764321,-0.00273921353219982,-0.00265990287660731,0,48,0,0,400,400
1.47149181403516,-0.045822648436784,0.504444465789679,0.999999054443968,0.00157125840135587,-0.000327034879150979,-0.000573480071069029,0.0224824075201688,-0.00463072550454388,-0.0135269805850088,-0.00362150252820483,-0.00329587485714483,-0.00199701113608858,0,46.5,0,0,400,400
1.47374040937361,-0.0462840489834998,0.503091785767322,0.999999227809086,0.00139012168665528,-0.000491567648802468,-0.000673648634132954,0.0396923158026684,-0.00464023113008724,-0.0181660269318752,-0.0183333223654323,-0.00383546240066967,-0.00178709597444155,0,45,0,0,400,400
1.47771080025664,-0.0467483736464501,0.501277795421322,1.00000034762773,0.000473371509108762,-0.000682598792339882,-0.000763720506444616,0.0562992918084602,-0.00461798100925727,-0.0221676744291182,-0.0308456018189789,-0.00435849179201339,-0.00223004250124289,0,43.5,0,0,400,400
1.48334304047725,-0.0472166776163785,0.499068275235302,1.00000084379218,-0.00106899792212634,-0.000899292591553355,-0.000876378477204975,0.0721680159334354,-0.00454779403160726,-0.0254682400240133,-0.0332574168557648,-0.0048652734660408,-0.00329468294874193,0,42,0,0,400,400
1.49056359721461,-0.0476895397542295,0.496535426277377,0.999998703061738,-0.00273193155052567,-0.00114127473314795,-0.00104234775699423,0.0871878462202289,-0.00443856793257374,-0.0280819192344768,-0.0196272468492145,-0.00535590103700648,-0.00440075135980395,0,40.5,0,0,400,400
1.49928780590143,-0.0481668605715895,0.493749658224724,0.999995487080272,-0.00371331707076586,-0.00140864667406054,-0.00126277264592516,0.101274607405566,-0.00433311882765707,-0.0300780209084359,0.0102501582522008,-0.00583032406403347,-0.00449617618234797,0,39,0,0,400,400
1.50942254082938,-0.0486479784663652,0.490773794120254,0.999996695658869,-0.00320086505096548,-0.0017016423069906,-0.00148577507572718,0.114370844799351,-0.00429916252316979,-0.0315554721777416,0.0494784269350352,-0.00628838825782424,-0.00273864273155091,0,37.5,0,0,400,400
1.52086893547742,-0.0491319615579788,0.487660111805501,1.00000387584114,-0.000727196835802788,-0.0020201732809337,-0.00161749004091191,0.126445144779054,-0.00440362620026432,-0.0326213719257364,0.0796764287526786,-0.00672973987893763,0.00120394082077158,0,36,0,0,400,400
1.53352502708997,-0.0496179542532947,0.484449759663287,1.00000619045723,0.00325594434026219,-0.00236305902762071,-0.00154900057757747,0.137490167019649,-0.00466344580567624,-0.0333788625427873,0.0777427338298582,-0.00715375190631711,0.00732325024054273,0,34.5,0,0,400,400
1.54728819526678,-0.0501053807160058,0.481173780517192,0.999993256310816,0.00714162561228576,-0.00272795656934911,-0.00117482066959956,0.147519325486836,-0.00501143825109196,-0.0339216129244215,0.0322159501917223,-0.00755980664138181,0.0112409097754866,0,33,0,0,400,400
1.56205727289957,-0.0505932799420034,0.477855088378675,0.999981382039623,0.00875039767989755,-0.00311184177502435,-0.000611097311475704,0.156566995596303,-0.00528595096700749,-0.0343299053258214,-0.0485814382341475,-0.00794800783531924,0.00824107755775327,0,31.5,0,0,400,400
1.57773444144615,-0.0510817176262392,0.474510706094257,1.00000165204715,0.00631990591714594,-0.00351134613818823,-0.000210097306859755,0.164686191729235,-0.00528235200383345,-0.0346636743859921,-0.138679662675335,-0.00831843920949789,0.00136143013751209,0,30,0,0,400,400
1.59422680570302,-0.0515737543656815,0.471153627874315,1.00004402685045,-0.000614222246602028,-0.00392623064256976,-0.000169003032881304,0.1719369244237,-0.00488187687597902,-0.0349504884754217,-0.176867109247003,-0.00867009849316583,-0.010724044357868,0,28.5,0,0,400,400
1.61144724213992,-0.0520719678167098,0.467794296728416,1.00003680278487,-0.00945547587565342,-0.00435856699227494,-0.000739654004984184,0.178384971915926,-0.0041589944262115,-0.0351691374090512,-0.119731805311807,-0.00900122470388048,-0.0214020410756175,0,27,0,0,400,400
1.62931499650943,-0.0525792283385112,0.464441733945183,0.999977449020198,-0.0154374092451733,-0.0048142935135178,-0.00183153319245584,0.184090111611287,-0.00343253346562066,-0.0352887113683621,0.0129109531213513,-0.00931250991438224,-0.0100801337559835,0,25.5,0,0,400,400
1.64775549327072,-0.0530959862682068,0.461103547801474,0.999984249098673,-0.0147903736065617,-0.00528881927415926,-0.00232517837236772,0.189100484420065,-0.00321176435130485,-0.0353209957117841,0.174447843616681,-0.00960614767705641,-0.00396368697797892,0,24,0,0,400,400
1.66669984571841,-0.0536065229656817,0.457783958010518,1.00011024157166,-0.0060691494865005,-0.00579227589480939,-0.00247010853095114,0.193489403819226,-0.00362730623872596,-0.0352972053635283,0.283704822440006,-0.00988034976023627,0.0150555869066912,0,22.5,0,0,400,400
1.68608621177952,-0.0541063703602931,0.454483812862139,1.00019531925431,0.00810996954264824,-0.00631674032644017,-0.00163220751328111,0.197312093413638,-0.00471699339378858,-0.0352409073765176,0.221040565297867,-0.0101305594488683,0.0347319865724059,0,21,0,0,400,400
1.70585885244774,-0.054587346515279,0.451201484296842,1.00010534497788,0.0191496059550562,-0.00685535583335126,0.000169986269319209,0.200621834144865,-0.00594707161159357,-0.0352049991567063,0.0390118050908551,-0.010357708721004,-0.000833756225125257,0,19.5,0,0,400,400
1.72596772893827,-0.0550452942021094,0.447936186481218,1.00006446150805,0.0211001666103391,-0.00737200466616204,0.000131760687511817,0.203527962205833,-0.0062832722649843,-0.0352621521453168,-0.150231120965707,-0.0105701214297167,0.00524206319811456,0,18,0,0,400,400
1.74637061612108,-0.0555252992785283,0.444687018499775,1.00021897736345,0.0135886239281453,-0.00790689688849392,0.000327292513573894,0.206038693657109,-0.00603892171360529,-0.035422091321801,-0.333541866828817,-0.0107626563439215,-0.0121309038162533,0,16.5,0,0,400,400
1.7670283895435,-0.0560236712839023,0.441456014522318,1.00044146345555,-0.00308143845409,-0.00844218033995854,-0.00041830661067883,0.208228103393623,-0.00487223550776628,-0.0356454570454986,-0.305806111738176,-0.0109307028822052,-0.0434027991849788,0.7,15,0,0,400,400
1.78790793910373,-0.0565491961742582,0.438246491653026,1.00038885094757,-0.018353042441864,-0.00898898436310035,-0.00271569686315624,0.210143067731688,-0.00326981928539513,-0.0356984423463312,-0.102039023792244,-0.0110689263426042,0.0153578267351028,1.4,13.5,0,0,400,400
1.80898043304146,-0.0571141746498275,0.435071181783966,1.00029238306708,-0.0234623111312903,-0.00951438149755062,-0.00198365101038373,0.211741807164246,-0.00288104754648487,-0.0355653385200725,0.0739460823674317,-0.0111959783314899,-0.00963749995834814,2.1,12,0,0,400,400
1.83021663055289,-0.0576433111094574,0.431937207268318,1.00037279892725,-0.0197627258445532,-0.0100926287000121,-0.00241708872536247,0.213131223502149,-0.00278845844006729,-0.0353665884457625,0.308296333234604,-0.0112995764599825,0.00353387855378528,2.8,10.5,0,0,400,400
1.8515946984896,-0.0581562250874655,0.428846895690584,1.00067197665974,-0.00435489220322844,-0.0106912129670845,-0.00207380084341098,0.214315849380502,-0.00371243970667991,-0.0351160938138875,0.371500065211675,-0.0113782009825672,0.041369538882083,3.5,9,0,0,400,400
1.87309459688168,-0.0586449929844343,0.42579771046121,1.00075101752584,0.0141955581512261,-0.0112895749599472,0.000195452063723392,0.215303421168722,-0.00544178303200894,-0.0348439996335107,0.182467466620924,-0.0114219777062897,0.00234835142282516,4.2,7.5,0,0,400,400
1.89469841633728,-0.0590885988224302,0.422785899778216,1.00061516010269,0.0233162204165281,-0.0118604637939765,0.000407655509581029,0.216173795534279,-0.00624910561179696,-0.0346406986604721,-0.00453844673187548,-0.0114545108874176,0.02663810210379,4.9,6,0,0,400,400
1.91639257089197,-0.0595458004680115,0.419809993728687,1.00061311728511,0.0230738269516462,-0.012464111384597,0.00172307571874039,0.21688739538449,-0.00677382859054781,-0.0345462902788798,-0.264982753286308,-0.0114642253813342,-0.0080827500591434,5.6,4.5,0,0,400,400
1.93816290760896,-0.0600009016849424,0.4168705968286,1.00091209091119,0.00983527620441759,-0.0130506163740297,0.00114088338847876,0.217535186578641,-0.00599567669094026,-0.0346050793978725,-0.387613051695999,-0.0114481079519615,-0.0371392335499623,6.3,3,0,0,400,400
1.96000063478545,-0.0604882541460173,0.413967782688324,1.0010971597137,-0.00951791967832795,-0.0136267884366537,-0.000974118654049966,0.218117404036102,-0.00432303567124148,-0.0346504922783315,-0.240990825848027,-0.0113988541140428,-0.0164198258835912,7,1.5,0,0,400,400
1.98189754183243,-0.0610232323203486,0.411106885610673,1.00097405902569,-0.0215551755722556,-0.014192733617763,-0.00195357236236683,0.218582822124377,-0.00320481415490408,-0.034500749642925,-0.0500997635333625,-0.0113353255467795,-0.0336188334005772,7.7,0,0,0,400,400
2.00384291048401,-0.0615640192390555,0.408296445942204,1.00090882113802,-0.0240366065790029,-0.0147906088875598,-0.00365725778372154,0.218983324480083,-0.00243385114868703,-0.0342515037810893,0.203061251560591,-0.0112504427279514,0.0166175442996223,8.4,0,0,0,400,400
2.02582969867109,-0.0621162339210299,0.405538900005674,1.00114727183901,-0.0139019731659396,-0.0153700421732641,-0.00266323981254165,0.219292626937192,-0.00309226981928266,-0.0339575466264502,0.363459342723115,-0.0111561058729348,0.027674920176025,9.1,0,0,0,400,400
2.0478505120304,-0.0626271559292039,0.402829274378214,1.00139468590863,0.00424431444790253,-0.0159568484268327,-0.000993112623192218,0.219545167760866,-0.00451654004722255,-0.0336387874397732,0.291720413164491,-0.0110489616500068,0.0347684020287804,9.8,0,0,0,400,400
2.0699002083472,-0.0630968906367142,0.400162681035155,1.00132579486468,0.0188001004459745,-0.0165310516881466,0.000975120237008871,0.219743914606906,-0.00594192065074779,-0.033343181857482,0.0974988611254996,-0.0109348342677157,0.0108259187598273,10.5,0,0,0,400,400
2.09197401486513,-0.063536271213815,0.397536156228642,1.00122474504377,0.0236651170574366,-0.0170830362373441,0.00158644090317393,0.219926667871387,-0.006566508017536,-0.033151343502894,-0.112552470205202,-0.0108208880791952,0.0183348621272348,11.2,0,0,0,400,400
2.11406916782689,-0.0639835138866984,0.394947162595207,1.00134702445505,0.0180251121976767,-0.0176544224641267,0.00239403241540251,0.22006796898645,-0.00662278104792569,-0.0330915146551262,-0.347769841647932,-0.010702255381082,-0.0104633096308598,11.9,0,0,0,400,400
2.13618195148089,-0.06443481647721,0.39239582363476,1.00165175115676,0.000652686619916975,-0.0182215088114409,0.00155493233013182,0.220219777256069,-0.00551202325202893,-0.0331535064657213,-0.350950240099443,-0.0105713309287558,-0.0456469357626102,12.6,0,0,0,400,400
2.15831155155611,-0.0649136815875967,0.389882983493236,1.00165711205197,-0.0168495650680072,-0.0187757358742217,-0.00104653965623916,0.220380194388462,-0.00382101123143677,-0.0331091261667027,-0.145946244988571,-0.010423831564437,0.0182259764428272,13.3,0,0,0,400,400
2.18045693613972,-0.0654391475907856,0.387415541187046,1.00152558328309,-0.0241621809263691,-0.0192738153536183,-0.000263507988140295,0.220452834169467,-0.00340174583765864,-0.0328829831263364,0.0286111738171481,-0.0102848972297218,-0.0157481215757856,14,0,0,0,400,400
2.20261180962811,-0.0659286102773784,0.384997866174683,1.00154998090336,-0.0227172922647848,-0.0198071791308083,-0.00101062168189515,0.220535676249844,-0.00310093457308535,-0.0325999826285896,0.28125741943437,-0.0101378286749368,-0.000553815838366294,14.7,0,0,0,400,400
2.22477587103317,-0.0664109667453629,0.382630313453772,1.00185876441733,-0.00866075559204943,-0.0203286525660898,-0.000748819011153796,0.220593507446632,-0.00381559035079787,-0.0322671383094867,0.398670162219418,-0.00998300175109152,0.0311653252717341,15.4,0,0,0,400,400
2.24694717812088,-0.066873551421745,0.380308378450345,1.00202208007217,0.0112359163944548,-0.0208291089765386,0.00121775298281585,0.220617869197091,-0.00539243069914893,-0.0319135441596616,0.240625484457937,-0.00981078201514448,0.0276164484052599,16.1,0,0,0,400,400
2.26912392260453,-0.0672976511947403,0.378025811545183,1.0018753365353,0.0232357281311635,-0.0213203726530023,0.00284271550859635,0.220630928096867,-0.00657698076287063,-0.0316268665553686,0.0256444889268803,-0.00963691890824198,0.0168766596313328,16.8,0,0,0,400,400
2.29130513142485,-0.0677043750615254,0.375779977861408,1.00183297184854,0.0245007310290569,-0.0218179023931775,0.0037022306079215,0.220646606486826,-0.00704703174787252,-0.0314749114470719,-0.219598866377265,-0.00946136063992774,0.00697859600994114,17.5,0,0,0,400,400
2.31349061069336,-0.0681145051320272,0.373568901299244,1.00208976496623,0.013520897511942,-0.0223397964078189,0.00380041677053707,0.220669266263489,-0.00663672315725981,-0.0314814116881172,-0.401468915324357,-0.00928043039554828,-0.0170975899138877,18.2,0,0,0,400,400
2.33568035877005,-0.0685384947378602,0.371392707925165,1.0023534161711,-0.00652478158511369,-0.0228682284821049,0.00249222833810005,0.220717458551502,-0.00528092977024988,-0.0315462744438478,-0.302340484826176,-0.00908587826340541,-0.0436228011915262,18.9,0,0,0,400,400
2.35787529886149,-0.068990978295454,0.369254387423673,1.00225010050283,-0.0215866296564782,-0.023374163130545,-3.0124831154697E-05,0.220779584344055,-0.00376407851124307,-0.0314324168604508,-0.0779702317734692,-0.00888061094205804,0.0216291494195464,19.6,0,0,0,400,400
2.38007532434253,-0.0694814730815143,0.367162454512532,1.0021558581563,-0.0255084003321743,-0.0237945720986252,0.000969472809011888,0.220772497417478,-0.00360192975682317,-0.0311612556657005,0.122743909500663,-0.00868118335257533,-0.0100089752210017,20.3,0,0,0,400,400
2.40227588094084,-0.0699301815468587,0.365118223330823,1.0023021608467,-0.0193626275556623,-0.0242351653639705,0.000625998357315102,0.220789075498154,-0.00366893827938909,-0.0308346529513659,0.36180157346748,-0.00847566518857573,0.00643786538228407,21,0,0,0,400,400
2.42447813952481,-0.0703675687920793,0.363120991729636,1.00264101755679,-0.00128872482139195,-0.0246412373823542,0.0013931199475842,0.220791933834305,-0.00471126060577633,-0.030455521540432,0.371740197189755,-0.00826034339388306,0.0390961482213623,21.7,0,0,0,400,400
2.44668148805354,-0.0707835952447028,0.361164882260948,1.00265203810569,0.0172451873612163,-0.0250257994429725,0.00380452627783606,0.22076479272728,-0.00629047271161176,-0.0300837006867621,0.169960535078849,-0.00802904529607584,-0.00238099781965845,22.4,0,0,0,400,400
2.4688848034316,-0.0711598507813339,0.359244427624122,1.00249637992924,0.025743744325399,-0.0253927874529978,0.00389063880451099,0.220779566465163,-0.00690101064616118,-0.0298213632293887,-0.0351488023382242,-0.00780411116725055,0.0146297269372883,23.1,0,0,0,400,400
2.49109032950604,-0.0715530194836189,0.357356154248173,1.00252876646019,0.0239704568742159,-0.0258083245017015,0.00456714461172558,0.220771552955557,-0.00715477767889837,-0.0297012388831568,-0.296646411346241,-0.00757374337191137,0.00256579676767698,23.8,0,0,0,400,400
2.51329681821405,-0.071951347045085,0.35549940313208,1.00287285821595,0.00914585953705432,-0.026257367841518,0.00430471290786614,0.220780952762712,-0.00647544156554656,-0.029745762801622,-0.415378191964008,-0.00733730425439771,-0.021642388007585,24.5,0,0,0,400,400
2.5355051251251,-0.0723650289253471,0.353674662066713,1.0030572306199,-0.0115849861269206,-0.0267033371005589,0.00267611391735998,0.220820209728203,-0.00505044788881479,-0.0297834081496919,-0.258910602108243,-0.00708723252657523,-0.0320742695332706,25.2,0,0,0,400,400
2.55771656784555,-0.0728069529373683,0.351886436707105,1.00290262442269,-0.0244814019133201,-0.0271105863308194,0.00073268302330897,0.220859788404067,-0.00382186534571869,-0.0296169863871387,-0.0334442383882867,-0.00683309349954653,-0.000906063499007299,25.9,0,0,0,400,400
2.57993035713411,-0.0732716324276106,0.350142927278453,1.00285263542573,-0.0261510320392106,-0.0274543405064591,0.00065057085822335,0.220865487896672,-0.00354267933757186,-0.0293171369980035,0.209034490159485,-0.00658028897009849,-0.00380970343085436,26.6,0,0,0,400,400
2.60214417109359,-0.0737178908083962,0.348444866250113,1.00311610943051,-0.0157013475063425,-0.0277813082461014,0.000754719828266028,0.220875024936609,-0.00393267369795067,-0.0289519123866418,0.40983565274805,-0.0063226804722132,0.012025678165235,27.3,0,0,0,400,400
2.62435832120292,-0.074149054417103,0.346789514081293,1.00342749320999,0.00476366178610913,-0.0280724657447357,0.00192787831290581,0.220874796527263,-0.00515439890633214,-0.0285403356332693,0.333242792589406,-0.00605446939939204,0.0347049951450746,28,0,0,0,400,400
2.64657271752811,-0.0745581421466948,0.34517050623463,1.00333662519294,0.0213711210113487,-0.0283513015138062,0.00412695128813282,0.220853347091005,-0.00654230659553474,-0.0281677780252634,0.120083189369003,-0.00577605362838919,-0.00199019658572363,28.7,0,0,0,400,400
2.66878673659535,-0.0749363587897724,0.343583504908467,1.00320107088715,0.0273754714797914,-0.0286131220785465,0.0041909090213361,0.220874312864558,-0.00699448890013605,-0.0279224712203599,-0.106499381578926,-0.00550233799241722,0.00750925952157361,29.4,0,0,0,400,400
2.69100283427693,-0.0753320040127104,0.342024992080714,1.003336857014,0.0220451403729259,-0.028920487863918,0.00440681673191917,0.220883908822244,-0.00695814993032718,-0.0278329718834355,-0.362689682691819,-0.00522447283485332,-0.000159791394957929,30.1,0,0,0,400,400
2.71322040652534,-0.0757384397073151,0.340494565041707,1.00372754991667,0.00392410654358792,-0.029260958699291,0.00387073084916824,0.220906053019994,-0.00608361872396789,-0.0278890737699823,-0.403001810637596,-0.00494066959388882,-0.0206169213147582,30.8,0,0,0,400,400
2.73544004634543,-0.0761591532345202,0.338993379667627,1.00380306787314,-0.0161861331326693,-0.0295815269552133,0.00225220967571383,0.220952715011668,-0.00474133887702971,-0.0278712315080882,-0.215361807257089,-0.00464581103295483,-0.021688740794103,31.5,0,0,0,400,400
2.75766272241557,-0.0766024376773947,0.337527075368991,1.0036251229454,-0.0269156653463514,-0.0298553088414417,0.000854980198149988,0.220993000940535,-0.00378833598887879,-0.0276571347334979,0.0151870326842461,-0.00435031406770751,-0.00943237554969523,32.2,0,0,0,400,400
2.77988739069454,-0.0770558968883098,0.336102208640931,1.00363940734911,-0.0261427189360074,-0.0300846417910999,0.000412138852266957,0.221019450517876,-0.00355925751475887,-0.0273285786290983,0.282976177157631,-0.00405444115147817,-0.00465051489740209,32.9,0,0,0,400,400
2.80211304729276,-0.0775008358823277,0.334718955814578,1.00400168759405,-0.0119980068436983,-0.0302874506607059,0.000608856831990006,0.221043613722942,-0.00412495402561386,-0.0269286105953115,0.43500772760115,-0.00375471804765298,0.00935485778775531,33.6,0,0,0,400,400
2.8243397437826,-0.0779347058507807,0.333373532156761,1.00425552809014,0.00972694569062658,-0.0304563179573468,0.00173438874221769,0.221059484230897,-0.00533665115933701,-0.026492231610594,0.29888021799002,-0.00344578997535902,0.0246242838973425,34.3,0,0,0,400,400
2.84656752848362,-0.0783534188744681,0.332059605147242,1.00410351029597,0.0246263438050806,-0.030614643316546,0.00341629044181366,0.221061476493825,-0.00647100485796221,-0.0261221940324772,0.0782626966357622,-0.00313070015461625,0.00714398743652047,35,0,0,0,400,400
2.86879610102075,-0.0787540672850287,0.330773433713005,1.00400162848851,0.0285261134570639,-0.0307665080224782,0.00388859614947103,0.221084844982983,-0.00689414429727495,-0.0258873794619101,-0.172483815232114,-0.00281745961175834,0.0088899594150427,35.7,0,0,0,400,400
2.89102681415837,-0.0791623655957409,0.329512232260558,1.00424041392755,0.0198964436020082,-0.0309532482147187,0.00406465790738054,0.221108052439386,-0.00670518839294105,-0.0258184286057965,-0.413764337506278,-0.00250215589240574,0.00100247349003144,36.4,0,0,0,400,400
2.9132597078551,-0.0795777514720896,0.328275660770658,1.00464596331333,-0.000778768380375893,-0.0311629420998976,0.00347503983073072,0.221144366106174,-0.00575320274407183,-0.0258697022025378,-0.38160723441861,-0.0021817450341133,-0.0104259703424309,37.1,0,0,0,400,400
2.93549539731811,-0.0800026096874309,0.327065154866029,1.00462960022156,-0.0198332984226525,-0.0313383463706601,0.00236251745673933,0.221194636805005,-0.00463872317790691,-0.0257972674186793,-0.178470574970674,-0.00185489568387698,-0.0146459505919207,37.8,0,0,0,400,400
2.95773419941425,-0.0804363583013528,0.325886857547311,1.00445238302602,-0.0287276826666051,-0.0314664453304568,0.00135438044437053,0.221246022979604,-0.0039046547089881,-0.0255461481802462,0.0609488895908064,-0.00152682147700691,-0.00781519063185568,38.5,0,0,0,400,400
2.97997569248942,-0.080872700625872,0.324745744862935,1.00453759963471,-0.0256706458331037,-0.0315497781423979,0.00106153509673457,0.221289821698736,-0.00382460149899215,-0.0251865350337268,0.338793925967862,-0.00119822060411112,-0.00407550175822193,39.2,0,0,0,400,400
3.00221931883735,-0.0813008543292078,0.32364142859889,1.00496846871241,-0.00873836984950903,-0.0315969570420944,0.00139105035311995,0.221331664114422,-0.00450401886728409,-0.024745708858264,0.439531282123,-0.000866622871009671,0.00183580431286736,39.9,0,0,0,400,400
3.02446518699151,-0.0817206633213807,0.322569734238186,1.00515796824092,0.0132236651705423,-0.0316090642331939,0.00217375979192307,0.221370434175968,-0.00557080779187005,-0.0242794930610096,0.27068390864272,-0.000529780494780717,0.0076503469186047,40.6,0,0,0,400,400
3.04671354565699,-0.082136067054244,0.321524772740778,1.00497835947996,0.0267380079124059,-0.0316113151495289,0.0029810658461793,0.221404780622046,-0.00637895246355872,-0.0239037942090194,0.0449742287524297,-0.000189817917371776,0.00790567350665157,41.3,0,0,0,400,400
3.0689644862717,-0.0825514936166183,0.320502688851717,1.0049171124273,0.0289724087726662,-0.0316246410754717,0.00344643280319333,0.22144031437265,-0.00670064466398731,-0.0236706694466021,-0.218539878368546,0.000150881061939777,0.00639922120261876,42,0,0,0,400,400
3.09121826129799,-0.0829721799786859,0.31950136938822,1.00523099720525,0.0180453316813367,-0.0316637607453525,0.00342276164542019,0.221479831010878,-0.00638694151971504,-0.023604355690748,-0.438031734704483,0.000492752546380183,0.00596096312192694,42.7,0,0,0,400,400
3.11347512247571,-0.0833996966730857,0.31852050154106,1.00562366292688,-0.00385121418913596,-0.0317190107042573,0.00303163346759574,0.221522457176232,-0.00550075889786636,-0.0236309799644622,-0.360763403102786,0.000836521428338046,0.00636197457955972,43.4,0,0,0,400,400
3.13573508861472,-0.0838286046663063,0.317561986344295,1.00555497782979,-0.0218903585280086,-0.0317303399582351,0.00278074645353163,0.221567673547981,-0.00470563429457517,-0.0235156555473532,-0.150286944322182,0.00118194124975157,0.00721648788783033,44.1,0,0,0,400,400
3.15799788329022,-0.0842477803681524,0.31663145150802,1.00539238182823,-0.0294107022384948,-0.0316842020827884,0.00290307839314239,0.221614935957067,-0.00434520641662087,-0.0232380359311738,0.0954795114326515,0.00152917491892462,0.00634170412374861,44.8,0,0,0,400,400
3.18026336159194,-0.0846483028849876,0.315732158769669,1.00553339781227,-0.0246513576796093,-0.0315847750507129,0.00336794380772898,0.221665107069453,-0.00452167928483982,-0.0228470924624623,0.373391683308731,0.00187905218649707,0.00247083212560232,45.5,0,0,0,400,400
3.202531708655,-0.0850289446270786,0.314863608230077,1.00599326564841,-0.00600087281494671,-0.0314253890060932,0.00407504670428676,0.221719687368911,-0.00530571515151783,-0.0223523316491766,0.433066770285529,0.00223137931900699,-0.00467995846904671,46.2,0,0,0,400,400
3.22480343330962,-0.0853978382474357,0.314022080149925,1.00612679494268,0.0156482006654211,-0.0312276048028141,0.00451656709324777,0.221781672672627,-0.00619476610558494,-0.0218403251809399,0.245537933624598,0.00258324574524257,-0.0123720616933821,46.9,0,0,0,400,400
3.24707928596306,-0.0857710406501567,0.313202347770225,1.00594275200562,0.0279361910396653,-0.0310338283551848,0.00428116054617872,0.221853011354207,-0.00664307037253486,-0.0214478125781103,0.0108808227802502,0.00293494248584823,-0.0100686778820383,47.6,0,0,0,400,400
3.26936000828475,-0.0861642608450482,0.31239999644108,1.00593432046682,0.0284946528672337,-0.0308709266756254,0.00379900548371931,0.221921018196453,-0.0066484283043721,-0.0212161722324838,-0.264787471662687,0.00328941014469906,-0.0037741907607947,48.3,0,0,0,400,400
3.29164545521725,-0.0865787324871137,0.311612768976386,1.0063147720287,0.0152720699978751,-0.0307512156232708,0.00320917258613709,0.221980232371583,-0.0061417643459411,-0.0211545049886205,-0.45210763466141,0.0036456725026577,0.00761116662221729,49.0000000000001,0,0,0,400,400
3.31393503319456,-0.0870072186622753,0.310840957902016,1.00666198947752,-0.00733225406632621,-0.0306468580400336,0.00290189681532203,0.222026218173304,-0.0053262909395045,-0.0211513993700029,-0.329484884975736,0.00399960452951255,0.0225057695885708,49.7000000000001,0,0,0,400,400
3.33622775066517,-0.0874324761088228,0.310087412848312,1.00654489772291,-0.0238331820107133,-0.0304862510306874,0.00352387889305987,0.222060577204352,-0.00486909641120875,-0.0209907753251921,-0.103658149274309,0.00435010594059122,0.0112059937083842,50.4000000000001,0,0,0,400,400
3.35852260235985,-0.0878305836689411,0.30935713533125,1.00642688986798,-0.0290299504460815,-0.0302737822796237,0.0039217520817574,0.222111179901533,-0.00470607153345789,-0.020676652822327,0.149946429539471,0.00470490190427799,0.00976161014271014,51.1000000000001,0,0,0,400,400
3.38082040763217,-0.0882077105184394,0.308652771389884,1.00664812753437,-0.0215547728289247,-0.0299954875204377,0.00462795154312714,0.222164897502348,-0.00504004682279276,-0.0202414749654862,0.411085238353206,0.00506177723637532,-0.00288061052687397,51.8000000000001,0,0,0,400,400
3.40312140953504,-0.088564936282362,0.307973570011953,1.00709614135931,-0.00101142456589774,-0.0296512221067766,0.00509064887990929,0.222230902704576,-0.00577267658443382,-0.0196922894137702,0.400601859516909,0.00541741643276846,-0.0241534762017151,52.5000000000001,0,0,0,400,400
3.425426541774,-0.0889197613939447,0.307316290250907,1.00713032186341,0.0190438991118223,-0.0292804820213596,0.00447271092324402,0.222319308462058,-0.00627329259441208,-0.0191598795877792,0.186263416309425,0.0057664939316071,-0.0169076979751944,53.2000000000001,0,0,0,400,400
3.44773726394231,-0.0893009422153223,0.306676228911203,1.00696645550004,0.028374665683681,-0.0289350227742292,0.00390388906995318,0.222397161324258,-0.00648329999994863,-0.0187749371954547,-0.0550902200633407,0.00611986130439931,-0.0129181034429286,53.9000000000001,0,0,0,400,400
3.4700530266143,-0.0897059667541895,0.306049348063771,1.00705529728723,0.0256397628822489,-0.0286217640143777,0.00318804071529107,0.222468196818857,-0.00630306470662126,-0.0185488032629677,-0.336737447722689,0.00647536921904054,0.000694431849460077,54.6000000000001,0,0,0,400,400
3.49237339200586,-0.0901322998970132,0.305434220378841,1.00749273777634,0.00881320811796472,-0.0283523775421287,0.00275279955962019,0.22252102526108,-0.0057521371791573,-0.0184800569083202,-0.43835739860153,0.00682981277079334,0.0253360732923474,55.3000000000001,0,0,0,400,400
3.51469720416511,-0.0905642824707869,0.304831838090396,1.00769053008324,-0.0131316356611793,-0.0280819736652883,0.00340550248428248,0.222548092752513,-0.005261972559278,-0.0184073310467984,-0.252336872706163,0.00717512138998563,0.0255775123260799,56.0000000000001,1.5,0.122173047639603,0,400,400
3.53702280120326,-0.0909714463182456,0.304245619458453,1.00753186642014,-0.0257792751928394,-0.0277493500746528,0.00432765959843879,0.222545412541231,-0.00506724489634185,-0.0172758242337664,-0.0186950752480594,0.00743717781006226,0.0125459245822855,56.7000000000001,3,0.122173047639603,0,400,400
3.55934184672523,-0.0913431331143756,0.30376815418946,1.00751550826978,-0.0267322212267262,-0.0273657303983099,0.00491927298670114,0.222560734716992,-0.0051236606032642,-0.0161413349947883,0.245316856086998,0.0076873683450723,0.00613298666519028,57.4000000000001,4.5,0.122173047639603,0,400,400
3.58165630248318,-0.0916908088343711,0.303387446779746,1.0078496536478,-0.0144855551786673,-0.0269136679242392,0.0055484229591651,0.222583880030121,-0.00553332739994018,-0.0149824102693675,0.434975928378957,0.00792284329313526,-0.0163233859361118,58.1000000000001,6,0.122173047639603,0,400,400
3.60396746894837,-0.0920245550039767,0.303092143130019,1.00817715957893,0.00727252290544632,-0.0264097639696419,0.00530745540268693,0.222630243534803,-0.00596185907633137,-0.0138124787041659,0.316338444208379,0.00813571555733115,-0.0396170580679109,58.8000000000001,7.5,0.122173047639603,0,400,400
3.62627743191355,-0.0923745365731266,0.302871684351817,1.00808418323426,0.023133120078116,-0.0259056155538005,0.00374446845309419,0.222700760161747,-0.00594493626484209,-0.0127876915377124,0.0778967924517579,0.00832757033280206,0.0122708516960961,59.5000000000001,9,0.122173047639603,0,400,400
3.64858805413266,-0.0927705163426966,0.302715815158608,1.00800327562314,0.0270083204359488,-0.0254890992178279,0.00446722120828696,0.222706685776808,-0.00623156347487101,-0.0119691547350836,-0.143601489327863,0.00851279679022385,-0.001267150164596,60.2000000000001,10.5,0.122173047639603,0,400,400
3.67089593176516,-0.0931614468287652,0.30261897369478,1.00820656160338,0.0198329002157729,-0.0250938541259314,0.00423386829703133,0.222730846405844,-0.00609125663842071,-0.0113203821811299,-0.381012965100326,0.00868083770926367,0.0136485425329863,60.9000000000001,12,0.122173047639603,0,400,400
3.69320247789233,-0.0935602636481115,0.30257667677634,1.00858905730441,0.000773200867510801,-0.0247534122588377,0.00445055979479402,0.222738779351209,-0.00585296032091107,-0.0108267341025256,-0.371092283214769,0.00882779839305413,0.0414849770649836,61.6000000000001,13.5,0.122173047639603,0,400,400
3.71550695986875,-0.0939480287390974,0.302587326896639,1.0086049565422,-0.017828480550982,-0.024395599015517,0.00606926462333851,0.222720096279414,-0.00594131429579432,-0.0103126982274646,-0.15539926432555,0.00894922034178213,-0.00856047355689303,62.3000000000001,15,0.122173047639603,0,400,400
3.73780801899459,-0.0942910507590725,0.302650732176463,1.00848106815303,-0.0255871622610092,-0.0240026429470783,0.0054456867768341,0.22276390067562,-0.00565366118337169,-0.0096671903906753,0.0431678406531841,0.00906606057668802,0.0108068126416988,63.0000000000001,16.5,0.122173047639603,0,400,400
3.76010954590747,-0.0946372499716915,0.30276813085578,1.00854366325055,-0.0234454053547409,-0.0235242716753968,0.00602553842676072,0.222784091762213,-0.0057881651681401,-0.00890736961034444,0.30279778443542,0.00916497025897039,0.000683663343558148,63.7000000000001,18,0.122173047639603,0,400,400
3.78241018722962,-0.0949664798840277,0.302938309004873,1.00890589871059,-0.00831752173573538,-0.0229750828352758,0.00640199577496414,0.2228153296964,-0.00603643666820099,-0.0080052432312716,0.414047343543118,0.00924635410405875,-0.0297163727065897,64.4000000000001,19.5,0.122173047639603,0,400,400
3.80471078199779,-0.0952919947370138,0.303160681242517,1.00909646766151,0.012409252458221,-0.0223938299764234,0.00538412470416998,0.222879063263014,-0.00600699535612222,-0.00704262101159576,0.241664041920173,0.00930055616151836,-0.0268671353367213,65.1000000000001,21,0.122173047639603,0,400,400
3.8270133601522,-0.0956494805560972,0.303434186278274,1.00896540734224,0.0245157169155998,-0.0218479947966244,0.00431499578324387,0.222932308307341,-0.0058719513680701,-0.00619524294609626,0.0176332384568177,0.00934207881919361,-0.0144247692909666,65.8000000000001,22.5,0.122173047639603,0,400,400
3.84931719973367,-0.0960387311574716,0.303756635105927,1.00895718835183,0.0254105168195503,-0.0213598586584328,0.0036245702251507,0.222965750960871,-0.00573442048788156,-0.00547868722262334,-0.236013555123279,0.00937089530013665,-0.00454777232941323,66.5000000000001,24,0.122173047639603,0,400,400
3.871621035111,-0.0964475115889664,0.304128230255545,1.00926495516629,0.0136194257422747,-0.020928216131438,0.00315941346813435,0.222985818015201,-0.0055715520003202,-0.0048919099456035,-0.415107701533128,0.00938309238553316,0.0222271386541173,67.2000000000001,25.5,0.122173047639603,0,400,400
3.89392404753563,-0.0968641459637273,0.304550761543878,1.0095511970963,-0.0071540148543843,-0.020539152437908,0.00384650206903678,0.222977388704058,-0.00564028447444785,-0.00437573522995472,-0.298643210620407,0.00936927870428121,0.0415015775185037,67.9000000000001,27,0.122173047639603,0,400,400
3.91622464277221,-0.0972579735396512,0.305027321451235,1.00944703232236,-0.0221265945729827,-0.0201129789742517,0.00561404595047464,0.22295196595545,-0.00599507195423313,-0.0037656959716346,-0.0686443897013288,0.00933520005726594,-0.0133924661209494,68.6000000000001,28.5,0.122173047639603,0,400,400
3.93852199860722,-0.0976060567493188,0.305560018005507,1.00938485214882,-0.0255465149099401,-0.0196801816331192,0.00486614499291108,0.222991564566682,-0.00579929794591598,-0.00299806832752537,0.141241612345493,0.00929384308680857,0.00296808131850915,69.3000000000001,30,0.122173047639603,0,400,400
3.96081994934523,-0.0979635567858231,0.306153455442411,1.0095718334919,-0.0184932485800944,-0.0191779500041888,0.00514033590894338,0.223008514007738,-0.00586597443274188,-0.00207841201109628,0.368363750009533,0.00923504127391558,-0.011904486708496,70.0000000000001,31.5,0.122173047639603,0,400,400
3.98311705286468,-0.098314860289113,0.306809982834151,1.00992089234416,-7.27567535251557E-05,-0.0186335197568903,0.00488661899786835,0.223040074578815,-0.00579586570198615,-0.000993723316170491,0.359555932745601,0.00915496613447748,-0.0423953443754383,70.7000000000001,33,0.122173047639603,0,400,400
4.00541410727465,-0.0986785944938996,0.307533589219728,1.00994088628139,0.0179386594113765,-0.0180890355579447,0.00309884288228288,0.223100175263954,-0.00533005465723123,0.000119742974654203,0.149917656463853,0.00904912144397647,0.0116882626356967,71.4000000000001,34.5,0.122173047639603,0,400,400
4.02771258029724,-0.0990890452186779,0.308327787747529,1.00981409543558,0.0254202714450907,-0.0176241100393726,0.00382531671211636,0.223093267183502,-0.00546760097530457,0.00115115048251382,-0.0431057917906772,0.00893998651277579,-0.00923282609271559,72.1000000000001,36,0.122173047639603,0,400,400
4.05000831541998,-0.0994916261195034,0.309197489224878,1.00987787081044,0.0232723683532959,-0.0171738686622551,0.00333754420554516,0.223108267234025,-0.00536261533324346,0.00212410825762855,-0.296986189693806,0.00881318753768348,0.000496925071801173,72.8000000000001,37.5,0.122173047639603,0,400,400
4.07230253676522,-0.0999072374293217,0.310146512786967,1.01022733570851,0.00842734817956184,-0.0167830197261453,0.00312011000805166,0.223110898935197,-0.00542840758912998,0.00299797751458734,-0.406738864829252,0.00866862109045625,0.0309127640404443,73.5000000000001,39,0.122173047639603,0,400,400
4.09459445021341,-0.100323437308467,0.311179304874828,1.01039938348655,-0.0119329966817176,-0.0164253570456433,0.00433128895249216,0.223082001414098,-0.00591349806755925,0.00384120340176826,-0.242423686555758,0.00849665949159461,0.0235703065907006,74.2000000000001,40.5,0.122173047639603,0,400,400
4.11688236357332,-0.100705845638846,0.31229989334027,1.01025811421873,-0.0240725985103569,-0.016038647206051,0.00530753527506312,0.223062507227227,-0.00628861641649705,0.0047867429434287,-0.0264671141397662,0.00831347737997898,0.0193276422601277,74.9000000000001,42,0.122173047639603,0,400,400
4.13916697046135,-0.101060204405991,0.31350991113345,1.01022811591674,-0.0254129123143179,-0.0156070814821157,0.00624260720579171,0.223048606102267,-0.00653949879454715,0.00587311962658714,0.227193647901987,0.00811770501896675,0.00337062651583881,75.6000000000002,43.5,0.122173047639603,0,400,400
4.16144874579805,-0.101391136099797,0.314810820310381,1.010518972614,-0.0140635025999258,-0.0151269789762111,0.00657627300035136,0.223054324384709,-0.0064588501672727,0.00712384781922696,0.410707741000467,0.00790591560317784,-0.0176230969200627,76.3000000000002,45,0.122173047639603,0,400,400
4.18372898413146,-0.101717560076115,0.316204162692415,1.01081634921086,0.00647777717366545,-0.0146104245998275,0.00599715478337743,0.223083189345598,-0.0059663818491476,0.00847011171173842,0.31163003537368,0.00767074252811155,-0.0385011485142953,77.0000000000002,46.5,0.122173047639603,0,400,400
4.20600918831924,-0.102064602860372,0.317689612587456,1.01073347259409,0.0220826033604799,-0.0141221756716873,0.00430001356451422,0.223127881165369,-0.00524210070524637,0.00969479926374926,0.0916376921195924,0.00741589058218738,0.00940398477300686,77.7000000000002,48,0.122173047639603,0,400,400
4.2282903477356,-0.102454633888285,0.319262193879254,1.01063658101703,0.0266547621224659,-0.0137422923251165,0.00484214580836788,0.223112015424821,-0.00524549888014173,0.0107332089108045,-0.127267593714885,0.00715547561711487,-0.00151300186992641,78.4000000000002,49.5,0.122173047639603,0,400,400
4.25056878864892,-0.102837522491937,0.320917896563373,1.01080955948284,0.0202935698077539,-0.0134131600981991,0.00468947360186448,0.223108238713925,-0.00533868411267361,0.0116130714444503,-0.366160435519416,0.00687869630435138,0.00996540875926659,79.1000000000002,51,0.122173047639603,0,400,400
4.27284544933456,-0.103222673310439,0.322652416418768,1.01117926268421,0.00198283908651266,-0.0131642404387072,0.00495162801392845,0.223093037812702,-0.00586008890414734,0.0123275426164091,-0.378964562844071,0.00658189829421681,0.0349224686398716,79.8000000000002,52.5,0.122173047639603,0,400,400
4.2951198229343,-0.103596330211514,0.324463710418546,1.01121214918009,-0.0169878613802517,-0.0129313797837549,0.0064515674878258,0.223051565245304,-0.00673735658183548,0.0129898786662554,-0.18589471038054,0.00626088500338484,0.00347561092656912,80.5000000000002,54,0.122173047639603,0,400,400
4.31739069109611,-0.103932163352358,0.32634969669076,1.01105893399502,-0.0262845554728155,-0.0126747792372693,0.00650121590489959,0.223050389476938,-0.00704066432032178,0.013723942996059,0.0291637621313955,0.00593436765030517,0.0165424141169984,81.2000000000002,55.5,0.122173047639603,0,400,400
4.33966063321689,-0.104263024954059,0.328307794402848,1.01109522796448,-0.0248392759009278,-0.0123473249711489,0.00733853688586851,0.223031953333278,-0.0072312143568676,0.014565987218963,0.29507054743633,0.0055932494917603,0.00132894832840635,81.9000000000002,57,0.122173047639603,0,400,400
4.36192882288298,-0.104577081707077,0.330334171434695,1.01146045936949,-0.0100945257691613,-0.0119591051795023,0.0075781850352729,0.223036005968291,-0.00685277131150954,0.0155451675138399,0.423691823468909,0.0052355206570329,-0.0174113456740904,82.6000000000002,58.5,0.122173047639603,0,400,400
4.3841968084639,-0.104892026521886,0.332425667213082,1.01168146979196,0.0110952663955266,-0.0115473566484557,0.00695557534205771,0.223063356293852,-0.00600362016145518,0.0165214311677921,0.27688138165862,0.0048552210502231,-0.0278912835345703,83.3000000000002,60,0.122173047639603,0,400,400
4.40646617370686,-0.105227624905403,0.334576333630838,1.01154201939973,0.0249515207875389,-0.011194172181649,0.00572187380247819,0.223095678547351,-0.00519764042580873,0.0172847071552954,0.0557216138847457,0.0044601034374991,-0.00381611546105822,84.0000000000002,61.5,0.122173047639603,0,400,400
4.42873726914654,-0.105592117687999,0.336776341918892,1.01147686769605,0.0277373890876775,-0.0109507935565065,0.00556745975156058,0.223095945639918,-0.0050117943962626,0.0178448319000637,-0.193077063318486,0.00405628382004452,-0.00479556630742074,84.7000000000002,63,0.122173047639603,0,400,400
4.4510080308337,-0.105958367844883,0.339019688836365,1.01174499707982,0.0180893538373649,-0.0107946118195762,0.00522887757089326,0.223098083488003,-0.00524747272248792,0.0182405347057365,-0.415419925059697,0.00363796511515273,0.00652864505868876,85.4000000000002,64.5,0.122173047639603,0,400,400
4.47327862473214,-0.106326160362982,0.341303425992333,1.01211653740378,-0.00268128636554289,-0.0107259139622186,0.00533692517940401,0.223090606852681,-0.00604637300986499,0.0185007966858964,-0.360952770937685,0.00320004794034377,0.0239708819171304,86.1000000000002,66,0.122173047639603,0,400,400
4.49554851807863,-0.106684670592339,0.343628483079081,1.01206410535202,-0.0207411416653152,-0.0106579072165083,0.00634371132809522,0.223065519067924,-0.00700267164392058,0.0187667560601277,-0.156044972015563,0.00274219020423543,0.0102775763788129,86.8000000000002,67.5,0.122173047639603,0,400,400
4.51781685966605,-0.107018562966115,0.345995764691083,1.01190247576029,-0.0285474360574917,-0.0105591996767467,0.00677249361081838,0.223059912753325,-0.00746164706923776,0.0191443621495242,0.0819556034638236,0.00227598957604539,0.0105181427288613,87.5000000000002,69,0.122173047639603,0,400,400
4.54008490222614,-0.107344407048105,0.348405573966215,1.01201569484181,-0.0244578466007884,-0.0104032117794778,0.00733768231950461,0.223055914305526,-0.00749358092179238,0.0196757675382789,0.354202567954968,0.00179745159074458,0.0032461305896821,88.2000000000002,70.5,0.122173047639603,0,400,400
4.56235281470962,-0.107663781752323,0.350857181260536,1.0124432920014,-0.00675660696530708,-0.0101810907095946,0.00767974462548904,0.223064522845303,-0.00689274230225195,0.0203685157881056,0.428715223855778,0.00130349703126092,-0.00541144173193482,88.9000000000002,72,0.122173047639603,0,400,400
4.58462138945845,-0.107984715945182,0.353349019285023,1.01258903794497,0.0146792029852419,-0.00995514657464066,0.00762430041111387,0.223085340455218,-0.00597187428752385,0.0210181285126424,0.252849162448363,0.000791798501062524,-0.0117682200516915,89.6000000000002,73.5,0.122173047639603,0,400,400
4.60689139018922,-0.108313346399545,0.35587567929839,1.01241061608007,0.0273248497439902,-0.00981186114098693,0.00716084035603354,0.223111657728693,-0.00526297307653957,0.0214518066348438,0.0259910802954125,0.000267106982671122,-0.00695131506317477,90.3000000000002,75,0.122173047639603,0,400,400
4.6291631257958,-0.108651134888613,0.358429617255074,1.01237814321624,0.0286271098300419,-0.0097799471262928,0.00682637566061463,0.223130753949655,-0.00505124507648754,0.0217124584452811,-0.240487595070562,-0.0002680399300713,-0.00351501413236865,91.0000000000002,76.5,0.122173047639603,0,400,400
4.65143601115267,-0.108989917907336,0.361007716712596,1.01271905340126,0.0166101551959214,-0.00986941675721034,0.00653422307431225,0.223147056583354,-0.00545163405290793,0.0218344952825783,-0.442788008577327,-0.000816535259711057,-0.00170325692668977,91.7000000000002,78,0.122173047639603,0,400,400
4.67370975076494,-0.109325903520923,0.363611249111368,1.01308225169284,-0.00552366341119979,-0.0100516566660112,0.00623269302958496,0.223163477480689,-0.00634990610177278,0.0218605875970379,-0.346797849937975,-0.00138057653741201,-0.00183476745129974,92.4000000000002,79.5,0.122173047639603,0,400,400
4.71826250801195,-0.110003689511369,0.368921925506073,1.01297329222391,-0.0234791222125448,-0.0103488668413761,0.00574964900909558,0.223268038932544,-0.00715451913298778,0.0219379112241484,0.104439362844186,-0.00251681180060946,-0.00331164301570289,94.0794095322251,81.0751343754286,0.0213864585601051,-4.32044633541024E-05,399.999999669243,399.999999669019
4.74055152652266,-0.110357218449497,0.371586069618646,1.01314735095253,-0.0140869224541962,-0.010435447346188,0.00581507749787475,0.223384952201958,-0.00679258834046232,0.0218276358923216,0.246464024451938,-0.00304637723514626,0.00261313671468911,95.6250130088179,81.2161575172017,0.0251636177315035,-0.00211193781763445,399.999996200344,399.999996198526
4.76285107262603,-0.110710901630982,0.374240190818036,1.01324081787986,-0.00147421100611656,-0.010524061069047,0.00625841264557304,0.223484778586444,-0.00632574693796957,0.0218818573253222,0.238865179267404,-0.00357245440008174,0.00947893197700251,97.2401414916059,81.414766698065,0.0254797522570472,-0.00249672130326141,399.999998049533,399.999998048283
4.78515963817191,-0.111053461730809,0.376896240534237,1.01320119809543,0.00839193368486201,-0.0106540649304371,0.00691472857450009,0.223574279833851,-0.00598956464172495,0.0219825307343502,0.147677036347775,-0.00409422527577806,0.0118695452948107,98.6695107831002,81.663944947854,0.0249147746059677,-0.00289690659567748,399.999998005915,399.999998004629
4.80747624317795,-0.111378638337227,0.37956309783672,1.01314890586375,0.0127656370588642,-0.0108469703937101,0.00752746804617613,0.223659497850975,-0.00586460974554339,0.0220739322838427,0.0253591758856242,-0.00461367063012512,0.0103218911088359,99.6567120286907,81.95700979203,0.0243971859946879,-0.00332282077738093,399.999998792996,399.999998791972
4.82980023961664,-0.111686384944836,0.382246328439509,1.01316467098474,0.0109166230951112,-0.0111099492677315,0.00791685101665245,0.223742870700421,-0.00596876623445388,0.0221177441548182,-0.0937950434151618,-0.00513294799138115,0.00571973539263467,99.9999997322978,82.2880608223922,0.0239572413099096,-0.0035238782366895,399.999998974631,399.99999897347
4.85213116825125,-0.111982225485536,0.384947995551322,1.01320969092159,0.00452969484430103,-0.0114309312253377,0.0079627678901491,0.223826106354341,-0.00622212363407103,0.0221067358068432,-0.148597644142257,-0.00565304221006749,-0.00127877737748232,99.9999999024528,82.6521152872607,0.0236092822832307,-0.00328471616369233,399.999999576236,399.999999575676
4.87446870885156,-0.112275642202277,0.38766870662896,1.01321502550372,-0.00257168154577714,-0.0117814592035194,0.00763376983503252,0.223910834090135,-0.00645159011086353,0.0220796296651301,-0.125390418454129,-0.00617371116409421,-0.00804796935507798,99.9999994780244,83.0444622677337,0.023325647898125,-0.00279757859461256,399.999999351019,399.999999350328
4.89681250163425,-0.112575753468861,0.390409239424743,1.01319220158529,-0.00718007785272952,-0.0121392908636389,0.0071213095748293,0.223993887156957,-0.00654810423302675,0.0220773914002558,-0.0546122592431833,-0.00669539289323013,-0.00942598487430153,99.9999991805656,83.4605904067733,0.0230324652602969,-0.00249515646950084,399.999998987412,399.999998986779
4.91916188664919,-0.112885857171627,0.393170049027193,1.01318638678767,-0.00775278881590196,-0.0124943063638042,0.00671121496003923,0.224069535136707,-0.00649112020276428,0.0221155856468095,0.0310085102599268,-0.00721873353831666,-0.00618129967340509,99.9999995469772,83.8965683247829,0.0227128695123572,-0.00249741049992822,399.99999943082,399.999999430405
4.94151596646934,-0.11320270875817,0.395950730844198,1.0132025812275,-0.00447063381170854,-0.0128479541697375,0.00660208382780609,0.224134341726082,-0.00631684848778309,0.0221840332422131,0.0925856954423681,-0.00774347726850942,0.00059695192598474,99.9999993370094,84.348691376477,0.0223469784711467,-0.00266242821046345,399.999999153173,399.999999152229
4.9638737759595,-0.113518118642332,0.398750236432003,1.01320559827966,0.000521243293990228,-0.0132147838926112,0.00690793540805439,0.224187121649416,-0.00614042373277726,0.0222501596346848,0.0980821028529243,-0.0082688105840822,0.00861930852441826,99.9999992053374,84.8134831648819,0.0219338120791063,-0.00279808138633082,399.999998972047,399.999998970847
4.98623449531919,-0.113822781054379,0.401567602482973,1.01318620845773,0.00451698769605248,-0.0136144875183618,0.00748262395823916,0.224232488782536,-0.00605457752173289,0.0222835813439292,0.0565516297354526,-0.00879472371900217,0.0112659129253366,99.999999262394,85.2880453558616,0.0215080136420388,-0.00294106125593542,399.999999065045,399.999999064332
5.00859771466057,-0.114112331439569,0.404402497312938,1.01316927930725,0.00582029417221654,-0.0140602420762558,0.00802223094651712,0.224277571907156,-0.00607639838442649,0.0222724469608686,-0.00524123914444489,-0.00932175781686668,0.00908541281508464,99.9999997427874,85.7697848975547,0.0210948471899269,-0.00318571052390918,399.999999666202,399.999999665889
5.03096338117069,-0.114388410522304,0.407255335847157,1.01316817042417,0.00412184152995565,-0.0145550094921669,0.00832997457747819,0.224326471833586,-0.00618632056365918,0.0222216023007116,-0.0584322875901313,-0.00984984469362862,0.00391587689835314,99.9999993896328,86.2563225484839,0.020709516986966,-0.00336397527081497,399.999999197709,399.999999196539
5.05333162707314,-0.11465690634935,0.410127213184409,1.01316881253615,0.000642861711544701,-0.0150894829821977,0.00830122925935032,0.224381492000943,-0.00631254623161953,0.0221512004692612,-0.0739176450522166,-0.0103783768216759,-0.00308878624380705,99.9999995147964,86.7456731584256,0.0203607004655753,-0.00321902716213485,399.999999351827,399.999999350591
5.07570263589516,-0.114925942113713,0.413019662535491,1.01316006055039,-0.00254508260712515,-0.0156476498004179,0.00795880813387121,0.224442307191562,-0.00636575787748172,0.0220881605077679,-0.0487911545115637,-0.0109069283746494,-0.00787136413075167,99.9999994353275,87.2359836515377,0.0200276096012149,-0.00298210326088024,399.999999237883,399.999999236749
5.09807637549603,-0.115201250452244,0.415934197335719,1.01315013203767,-0.00383866227412524,-0.0162174850844158,0.00754620792051789,0.224503467002551,-0.00632186112868794,0.0220500481340608,-0.00200902426241899,-0.0114356321545555,-0.00709269821625527,99.999999404151,87.725421765923,0.0196788152050571,-0.00296867449826781,399.999999204285,399.999999203389
5.12045245498821,-0.115482583043904,0.418871867170838,1.01314584396599,-0.00277951969787176,-0.0167956099195197,0.00731953592894835,0.224559584133262,-0.00620933427087402,0.0220373616455902,0.0410639257145182,-0.0119643460521853,-0.00223124806990235,99.999999302539,88.2123427664495,0.0193005665180203,-0.00308917654088045,399.999999055167,399.99999905362
5.14283027482893,-0.11576453128577,0.421833188090018,1.01313881894596,-0.00023387551286534,-0.017388462447795,0.00743471094408246,0.224607958885115,-0.00609889584690415,0.0220347017250171,0.0548404129289321,-0.0124924412137817,0.00513015725086977,99.9999993751205,88.6951850281406,0.0188854325705371,-0.00291085713019872,399.999999149356,399.999999147682
5.16520923003503,-0.116039349523224,0.424818479466065,1.01312257464568,0.00211073227241226,-0.0180089394913865,0.00785964536645504,0.224650133909086,-0.00606250022984167,0.0220210878953093,0.0347680321160536,-0.0130194929562052,0.00934870473323374,99.9999995925233,89.1725488616699,0.0184443202028107,-0.00272486432909917,399.999999447448,399.999999446688
5.18758899645006,-0.11630225660235,0.427828265727622,1.01310478057797,0.00294520564985157,-0.0186675148768388,0.00833043198777031,0.224692246723816,-0.00610342207012132,0.0219842628752883,-0.00207813142648974,-0.0135455617112016,0.0082549329408605,99.9999997971494,89.6432691017226,0.0180010932447233,-0.00286536790027271,399.999999727748,399.99999972743
5.20996960159841,-0.116553845414481,0.430863452579338,1.01309152819133,0.00199157235773327,-0.0193666271497396,0.00862484199175211,0.224739005911501,-0.00618700382996259,0.0219252369466332,-0.0333031512240172,-0.0140704468538517,0.00398575873041409,99.9999999228317,90.1063025836473,0.017568665838335,-0.00337525488550091,399.999999897667,399.999999897511
5.23235125985276,-0.116798469719889,0.433925317044639,1.01307903085063,4.66736197557655E-05,-0.0200998464624257,0.00864664596101368,0.224792377615461,-0.00625727425639286,0.0218566314787406,-0.0402396132198346,-0.0145936140277162,-0.00157725798065998,99.9999999657641,90.5607411655955,0.0171526626328758,-0.00364421092778489,399.999999956839,399.999999956771
5.25473419889276,-0.117042014395467,0.437015341687249,1.01306437608255,-0.00155603232555412,-0.0208561911782151,0.00842723636207342,0.224851584355071,-0.00626013137755804,0.0217952830513753,-0.0211393206030327,-0.0151146426733815,-0.00524880813784712,99.9999999203626,91.0057608105509,0.0167425222451288,-0.00367231311551973,399.999999899403,399.999999899252
5.27711844620453,-0.117288359284413,0.440134920592003,1.01304979991859,-0.00184211662857326,-0.0216276244372132,0.0081713815980535,0.224911928099686,-0.00619467895863539,0.0217510592338023,0.00921574092760997,-0.0156333638984627,-0.00409150649476293,99.9999993937488,91.4405296297432,0.0163180266998335,-0.00357440648188201,399.999999174593,399.99999917284
5.29950371307679,-0.117536552531205,0.443285122658082,1.01303466654112,-0.000778541187224112,-0.0224136989527826,0.00810097850723905,0.224968640884956,-0.00610744421680889,0.0217208986586587,0.0298416409685951,-0.0161494150555813,0.000712265650258155,99.9999991664143,91.8642362337627,0.0158673849515181,-0.00326007315933642,399.999998856905,399.999998853708
5.32188952830516,-0.117781747100989,0.446466727319042,1.01301476796154,0.000729665183476066,-0.0232216399569901,0.00831534703409485,0.225019957638261,-0.00606388662324838,0.0216917714406835,0.0265397839953273,-0.0166622634044452,0.00610948371944304,99.999998903214,92.2761191871593,0.0153892931483311,-0.00267463476104253,399.999998485397,399.999998481366
5.34427548794229,-0.118018828026202,0.44968047912768,1.01299112769675,0.00154879642501777,-0.0240608245818827,0.00868671793215291,0.225069025370819,-0.00608894454575918,0.021650946864019,0.00480837893118122,-0.0171716356729802,0.00728086408512997,99.9999985122079,92.6755265159106,0.0148959076356636,-0.00255263221111532,399.999997940122,399.999997936052
5.36666147631381,-0.118246366323678,0.452927308313022,1.01296786179968,0.00119449348119887,-0.024935345488992,0.00898435959733234,0.225120934705349,-0.00615107051684277,0.0215951054602788,-0.0175070515780422,-0.0176773163239934,0.0046225673943963,99.9999981524364,93.0619223543701,0.0144028705466477,-0.00323620775478678,399.999997434824,399.99999742964
5.38904761234276,-0.118466632671702,0.456208385524761,1.01294497151942,7.56803332928466E-05,-0.0258415953261804,0.00908365681681298,0.225178345793641,-0.00620130655180359,0.0215313306256364,-0.024352209068311,-0.0181788586785947,0.000497086126941594,99.9999974735415,93.43485021591,0.0139170202469175,-0.00408786238250766,399.999996531761,399.999996522619
5.41143406088954,-0.118683472195491,0.459525026058336,1.01292120721172,-0.000889451115107767,-0.0267713914425108,0.00899622242968149,0.225240942825865,-0.00619964326183171,0.0214713641921824,-0.0123218000839914,-0.0186758176163338,-0.00254316294862958,99.9999977418401,93.7939020764529,0.0134340656251206,-0.00447749767765929,399.99999682021,399.999996808767
5.43382084921202,-0.118899716135656,0.462878492847909,1.01289675504034,-0.000983639341461499,-0.0277181949288837,0.00887040540563853,0.225305326482031,-0.00614796480276632,0.0214226477903331,0.00783041355957254,-0.0191678820987746,-0.00179906735734283,99.9999977008121,94.1386607505395,0.0129401491044946,-0.00416063617176726,399.999996720234,399.999996706626
5.45620774958154,-0.119114831728892,0.466269835894316,1.0128701752707,-0.000237852720688886,-0.0286819276943389,0.00889369278992469,0.22536734450092,-0.0060930568628523,0.021382636422279,0.0190098768386505,-0.0196546611629362,0.00214773359926008,99.9999976925849,94.4686747167348,0.0124244870942818,-0.00330381071167546,399.999996663494,399.99999664759
5.47859437268513,-0.119325386367336,0.469699922860711,1.01283954091575,0.000610398804139253,-0.0296688152775011,0.00912383975039253,0.225425870231999,-0.00608440404226312,0.0213414067280456,0.0123566899528334,-0.0201357099494758,0.005636898386188,99.9999976919,94.7835230415963,0.0118866370036032,-0.00261415072593696,399.999996622635,399.999996609618
5.50098041781871,-0.11952834286831,0.473169618839295,1.01280637463489,0.000825393239624943,-0.0306852888315656,0.00942105252272806,0.225484082292312,-0.00612238623304657,0.0212909956913265,-0.00394028502916214,-0.0206107311416024,0.00549679940798225,99.9999976871232,95.0828702794715,0.0113370940770849,-0.0029124048862076,399.999996627438,399.999996617929
5.52336581633592,-0.119723537612629,0.476679924495949,1.01277257021803,0.000312447800919836,-0.0317320279858277,0.00961700333033627,0.22554569328477,-0.00616882438041537,0.0212318866236433,-0.014836482322329,-0.0210793814715955,0.00283155279048831,99.9999982014026,95.3664434462758,0.0107867605890526,-0.00386552811088286,399.999997590144,399.999997583673
5.54575063733075,-0.119913078624174,0.480231976623763,1.01273796977305,-0.000399488027177702,-0.0328038467959559,0.00966104842920249,0.225611825976733,-0.00618553459751928,0.0211714946551125,-0.0118698562232895,-0.0215412200865509,6.57958619436989E-05,99.9999967142103,95.6340055114455,0.0102374676565072,-0.00465564760660403,399.999995845275,399.999995833193
5.56813490934802,-0.120099294997006,0.483826933383783,1.01270220569479,-0.000675352829795174,-0.0338944149950755,0.00962945146770489,0.225680768093386,-0.00616196509390749,0.0211172282250508,0.000876473816383485,-0.0219958630427258,-0.000487260448805122,99.9999970814341,95.8853289750318,0.00968243359903997,-0.00459486297227312,399.999996321769,399.999996307917
5.59051848704319,-0.120282723686863,0.487465836879948,1.0126643431813,-0.000332410759088374,-0.0350015420168174,0.00966873652854823,0.225749208378097,-0.00612711957010664,0.0210700168228654,0.010841474928564,-0.0224429417467568,0.00188753559501093,99.9999980517676,96.1201580420027,0.00911190123522168,-0.00380059413930422,399.999997358705,399.999997344779
5.61290105712747,-0.120461498363734,0.491149581462766,1.01262297003068,0.000206047068544576,-0.0361288124436989,0.00985703437899915,0.22581538912484,-0.00612116071015978,0.0210237934322036,0.00862267184894136,-0.0228820487301537,0.00463467562887125,99.9999983506542,96.3382296688553,0.00852207863025218,-0.00315832082329182,399.999997636499,399.999997623718
5.63528232229372,-0.120633379150776,0.494879017657393,1.0125786254884,0.000387161802600487,-0.0372812370756198,0.0101120290779675,0.225881117882763,-0.00614952663662898,0.0209721821550114,-0.00173705232204673,-0.0233128421136301,0.00491347982122764,99.9999972325435,96.539324763292,0.00791873600358715,-0.00329035003709032,399.999996027855,399.999996010371
5.65766214698111,-0.120797978612111,0.498655063934093,1.01253267838061,8.83930561929087E-05,-0.0384597059128368,0.0103047572558447,0.225949241046076,-0.00618522283904561,0.0209147010624934,-0.009112034154729,-0.0237349736471708,0.00312240802226675,99.9999965213818,96.7232639290841,0.00731015699517452,-0.0038812204542298,399.999995070271,399.999995047195
5.68004050987848,-0.120956692984988,0.502478720898389,1.012485402297,-0.000341383815578989,-0.0396603348278653,0.0103932728743935,0.226020726894345,-0.00620057329215593,0.020856278418045,-0.00701597313509947,-0.0241480384078034,0.00127915396089107,99.9999959805139,96.8898908543879,0.00669858575341126,-0.00437749481655715,399.999994444326,399.999994408994
5.70241735954372,-0.121111047616737,0.506350993674643,1.01243641288017,-0.000479699050936243,-0.0408783470339564,0.0104405137554159,0.226094202201357,-0.00619096089106387,0.020801879951512,0.00120512796574965,-0.0245516549876297,0.00117397783624575,99.9999953802347,97.0390544528932,0.00607975002118166,-0.00431334782114358,399.999993895855,399.999993845473
5.72479251186279,-0.121261153664889,0.510272800961107,1.01238479633038,-0.00024926870163986,-0.042112379136762,0.0105487189513453,0.226167344032712,-0.00617871930740378,0.0207516780169196,0.00648758789920598,-0.0249454536496218,0.00290125880578619,99.9999935080659,97.1705890926561,0.00544716856998846,-0.00384385652103164,399.99999195414,399.999991885495
5.74716567888955,-0.121405635482922,0.514244963529264,1.0123298320705,3.96823328079645E-05,-0.0433651020064316,0.0107490446784824,0.226239367471519,-0.0061870643950209,0.0207014245423095,0.00383228677406858,-0.0253290644246063,0.00441194523854085,99.9999917353899,97.2843280129658,0.00479890159629689,-0.00355473469011713,399.999990599676,399.999990532817
5.76953660604451,-0.121543239142868,0.518268276312334,1.01227205225727,7.25311077041061E-05,-0.044639364197945,0.0109716227374069,0.22631174839287,-0.00621387620501192,0.020647561897489,-0.00253806018805096,-0.0257021481122403,0.00420791320890545,99.9999871019943,97.3801272427614,0.0041391964957487,-0.00370105091636891,399.999986731761,399.99998665324
5.791905147513,-0.121674062206942,0.522343571240209,1.01221224931453,-0.000142918345199038,-0.0459346217597706,0.0111407484414188,0.226386165987697,-0.00623961867677382,0.0205907816095149,-0.00539104204454264,-0.0260643493427163,0.00293850646568289,99.9999822776688,97.4578658701723,0.00347302612962266,-0.00404443339210421,399.999983651481,399.99998355649
5.81427120893505,-0.121799125226966,0.526471709657269,1.0121505275171,-0.000344665472988514,-0.0472474917578995,0.0112528997112792,0.226462749761064,-0.00625017531573238,0.0205345834488242,-0.00240328256037893,-0.0264152950956882,0.00211326866392737,99.9999755778901,97.5174381224024,0.00280141983988562,-0.00423974748410688,399.999979736094,399.999979607305
5.83663464516141,-0.121919104032655,0.530653524178716,1.01208641384037,-0.000329710251212147,-0.0485751167380247,0.0113667004047821,0.226540199780538,-0.00625002405617789,0.0204812289524471,0.00231176782035819,-0.0267546277778706,0.00259430094587041,99.9999751475395,97.5587448126373,0.00212197241202349,-0.00412082815469684,399.999982098255,399.9999819698
5.85899521996898,-0.122033603577713,0.534889776190721,1.0120192462361,-0.000160458128165169,-0.049917538844646,0.0115334786544214,0.226617288054473,-0.00625531145898201,0.0204295604492845,0.00339198519218575,-0.0270819988635452,0.00372099574792057,99.9999905122535,97.5816945065882,0.00143300588824691,-0.00389675962236758,399.999994253635,399.9999942132
5.85899521996898,-0.122033603577713,0.534889776190721,1.0120192462361,-0.000160458128165169,-0.049917538844646,0.0115334786544214,0,0,0,0,0,0,50,50,0,0,0,0
5.85899521996898,-0.122033603577713,0.534889776190721,1.0120192462361,-0.000160458128165169,-0.049917538844646,0.0115334786544214,0,0,0,0,0,0,50,50,0,0,0,0
5.85899521996898,-0.122033603577713,0.534889776190721,1.0120192462361,-0.000160458128165169,-0.049917538844646,0.0115334786544214,0,0,0,0,0,0,50,50,0,0,0,0
5.85899521996898,-0.122033603577713,0.534889776190721,1.0120192462361,-0.000160458128165169,-0.049917538844646,0.0115334786544214,0,0,0,0,0,0,50,50,0,0,0,0
5.85899521996898,-0.122033603577713,0.534889776190721,1.0120192462361,-0.000160458128165169,-0.049917538844646,0.0115334786544214,0,0,0,0,0,0,50,50,0,0,0,0
5.85899521996898,-0.122033603577713,0.534889776190721,1.0120192462361,-0.000160458128165169,-0.049917538844646,0.0115334786544214,0,0,0,0,0,0,50,50,0,0,0,0
5.85899521996898,-0.122033603577713,0.534889776190721,1.0120192462361,-0.000160458128165169,-0.049917538844646,0.0115334786544214,0,0,0,0,0,0,50,50,0,0,0,0
5.85899521996898,-0.122033603577713,0.534889776190721,1.0120192462361,-0.000160458128165169,-0.049917538844646,0.0115334786544214,0,0,0,0,0,0,50,50,0,0,0,0
5.85899521996898,-0.122033603577713,0.534889776190721,1.0120192462361,-0.000160458128165169,-0.049917538844646,0.0115334786544214,0,0,0,0,0,0,50,50,0,0,0,0
5.85899521996898,-0.122033603577713,0.534889776190721,1.0120192462361,-0.000160458128165169,-0.049917538844646,0.0115334786544214,0,0,0,0,0,0,50,50,0,0,0,0
5.85899521996898,-0.122033603577713,0.534889776190721,1.0120192462361,-0.000160458128165169,-0.049917538844646,0.0115334786544214,0,0,0,0,0,0,50,50,0,0,0,0
5.85899521996898,-0.122033603577713,0.534889776190721,1.0120192462361,-0.000160458128165169,-0.049917538844646,0.0115334786544214,0,0,0,0,0,0,50,50,0,0,0,0
5.85899521996898,-0.122033603577713,0.534889776190721,1.0120192462361,-0.000160458128165169,-0.049917538844646,0.0115334786544214,0,0,0,0,0,0,50,50,0,0,0,0
5.85899521996898,-0.122033603577713,0.534889776190721,1.0120192462361,-0.000160458128165169,-0.049917538844646,0.0115334786544214,0,0,0,0,0,0,50,50,0,0,0,0
5.85899521996898,-0.122033603577713,0.534889776190721,1.0120192462361,-0.000160458128165169,-0.049917538844646,0.0115334786544214,0,0,0,0,0,0,50,50,0,0,0,0
